Year,Revenue,Net_Income,EPS
2021,257637000000.0,56680140000.0,4.360010769230769
2022,282836000000.0,62223920000.0,4.786455384615385
2023,307394000000.0,67626680000.0,5.202052307692307
2024,350018000000.0,77003960000.0,5.9233815384615385
