Year,EPS_ARIMA
2025,6.594628267075402
2026,7.219269768004882
2027,7.800541880410046
2028,8.341455777673026
2029,8.84481356485736
